pdb_id,bmrb_ids,has_CA
1a3p,4201,NO
1a7f,994,NO
1a93,4200,NO
1abt,5024,NO
1ahd,4104,NO
1ahl,5,NO
1aml,5400,NO
1aq5,4054,NO
1arq,395,NO
1arr,395,NO
1atx,1206,NO
1auu,4095,NO
1axh,4233;5702;6192;6194,YES
1azj,4058,NO
1azk,4059,NO
1azp,5905;5908,NO
1azq,5905;5908,NO
1b1v,4292,NO
1b4g,4476,NO
1b4i,4477,NO
1b5n,4292,NO
1b69,4165,YES
1b8q,4304,YES
1b9p,4481,NO
1b9q,4481,NO
1ba5,4210,NO
1bal,2546,NO
1bba,2223,NO
1bbg,4211,NO
1bbl,2546,NO
1bbx,5909;5910,NO
1bcv,4212,NO
1bde,4192,NO
1bds,480,NO
1bf4,5909;5910,NO
1bfw,4213,NO
1bfy,4182,NO
1bh1,4194,NO
1bhi,4216,YES
1big,4190,NO
1bk8,4163,NO
1bku,4219,NO
1bm4,4221,NO
1bmx,4220,NO
1bnz,5909;5910,NO
1bpx,5208;5209,YES
1brv,4020,YES
1bus,53,NO
1bxp,4195,NO
1byv,4260,NO
1bzb,4261,NO
1c49,4760,NO
1c55,4443,NO
1c56,4443,NO
1c6w,4696,NO
1c8c,5905;5908;5909;5910,NO
1c9s,5403,YES
1ca5,5905;5908;5909;5910,NO
1ca6,5905;5908;5909;5910,NO
1cb3,4483,NO
1cbh,192,NO
1ccv,4422,NO
1ce3,4487,NO
1ce4,4322,NO
1cf4,4700,YES
1cix,5268,NO
1cjg,4813,YES
1ckk,5770,YES
1ckw,4595,NO
1ckx,4596,NO
1cky,4596;4597,NO
1ckz,4595;4598,NO
1cnl,4399,NO
1cnn,4500,NO
1cqu,4551,NO
1cr8,4475,YES
1cw5,4506,NO
1cw6,4507,NO
1cwx,4669,NO
1cxr,4509,NO
1d0r,4741,NO
1d0w,5214,NO
1d1e,5215,NO
1d1f,5216,NO
1d2l,4514,YES
1d5g,4123;4516,YES
1d6k,4395,YES
1d7q,4519,YES
1ddm,4263,YES
1df6,4461,NO
1dkc,4615,NO
1dl0,4685,NO
1dlz,4601,YES
1dp3,4584,NO
1dpu,4460,YES
1dt7,5544,YES
1dtk,66,NO
1du1,4631,NO
1du9,4585,NO
1dv0,4757,YES
1dx7,4303;4616,NO
1e0e,4619,YES
1e0g,4680,YES
1e0l,4714,NO
1e0m,4713,NO
1e0n,4715,NO
1e74,4845,NO
1e75,4846,NO
1e76,4847,NO
1e8p,3322,NO
1e8q,3322,NO
1e91,4841;5457,YES
1ed0,4587,NO
1ed7,4588,NO
1edp,2262,NO
1eds,4655,NO
1edv,4654,NO
1edw,4653,NO
1edx,4652,NO
1ee7,4604,YES
1ef4,4571,YES
1egf,2201,NO
1ejp,4591,NO
1ejq,4591;4592,NO
1ekz,4894,YES
1emx,4755,NO
1emz,4699,NO
1epg,1729,NO
1eph,1729,NO
1epi,1729,NO
1epj,1729,NO
1eqx,4607,NO
1ev0,4237,YES
1f62,4928,YES
1f6u,4780;4781,YES
1f8p,4862;5550,NO
1f95,4911,YES
1f96,4911,YES
1fcl,5152,NO
1fd6,5151,NO
1fdf,4651,NO
1fi0,4799,NO
1fje,4867,YES
1fjk,4907,NO
1fjn,4640,NO
1fjp,4907,NO
1fmh,4872,NO
1fqq,4642,NO
1fry,4643,NO
1fu9,4939,NO
1fv5,4644,NO
1fvn,4862,NO
1fwo,4645,NO
1fyj,4634,NO
1g04,4650,NO
1g1e,4635,NO
1g26,4656,NO
1g89,5938;5941,NO
1g8c,4552,NO
1g92,4921,NO
1g9p,4923,NO
1gea,4916,NO
1gjz,5101,YES
1gk5,5120,NO
1gnf,4423,NO
1gtf,5403,YES
1gtn,5403,YES
1h3h,5388,YES
1h8b,4453,YES
1h9f,5043,NO
1ha8,4979,YES
1ha9,5176,YES
1haa,4195,NO
1haj,4195,NO
1hbw,5180,YES
1hd6,4820,YES
1hdl,4910,NO
1hev,6123,NO
1hf9,4906,YES
1hff,4914,NO
1hic,1128,NO
1hiq,1344,NO
1his,1344,NO
1hit,1344,NO
1hj0,5257,NO
1hll,5143,NO
1hls,994,NO
1ho9,5149,NO
1hod,5149,NO
1hof,5143,NO
1hoy,4948,NO
1hp2,4924,NO
1hp3,4923,NO
1hs5,4934,YES
1hu5,5037,NO
1hu6,5034,NO
1hu7,5034,NO
1hui,994,NO
1hvw,4937,NO
1i25,4988,NO
1i26,5039,NO
1i2u,5033,NO
1i2v,4976;5033,NO
1i5h,4963,YES
1i6c,4882,NO
1i6y,5201,YES
1i8e,5021,YES
1i8x,4971,YES
1i8y,4971,YES
1i98,5020,YES
1ib9,5028,NO
1idg,5024,NO
1idh,5024;5025,NO
1ih9,4993,YES
1ihq,4995,YES
1im1,4420,NO
1iox,4990,NO
1ip0,4990,NO
1irr,5188,NO
1iv6,5317;5361,YES
1iw4,5348,NO
1iy5,5469,NO
1iy6,5470,NO
1iyc,5491,YES
1iym,5459,YES
1j5b,5157,NO
1j5j,5184,NO
1j5l,4754,NO
1j5m,4725,YES
1j5n,4869,YES
1j8n,5111,NO
1j8z,5110,NO
1j9v,5109,NO
1jaa,5108,NO
1jar,5140,NO
1jbd,4948;5006,NO
1jc8,5139,NO
1jco,4997,YES
1jcp,5138,NO
1jd8,5137,NO
1jdk,5136,NO
1jei,5074,NO
1jgn,5084;5085,YES
1jh4,5084,NO
1ji9,5066,NO
1jjd,5147,NO
1jjz,5114,NO
1jlo,5113,NO
1jlp,5112,NO
1jlz,5082,NO
1jm4,4312,YES
1jmc,5821;5822;5823,YES
1jn7,5096,NO
1jo6,5092,NO
1ju8,5098,NO
1jv8,5171,NO
1jv9,5171,NO
1jzp,5196,NO
1k09,5183,NO
1k36,5173,NO
1k37,5173,NO
1k3m,5246,NO
1k48,5114,NO
1k4u,5498,YES
1k7b,5210,YES
1k81,5294,YES
1k8b,5294,YES
1k8v,5192,NO
1k91,5205,NO
1ka6,5212,YES
1ka7,5211,YES
1kal,5114,NO
1kat,5185;5198,YES
1kbe,5203,YES
1kbf,5203,YES
1kc4,5024,NO
1kgm,5272,NO
1kio,5273,NO
1kj0,5274,NO
1kj6,5264,NO
1kl8,5024,NO
1klq,5299,YES
1kma,5276,YES
1kmf,5246,NO
1kmr,5277,NO
1kmx,5238,NO
1kqq,4334,YES
1kuw,5302,NO
1kv4,5265,NO
1kx6,23,NO
1kyj,5301,YES
1kz0,5289,NO
1kz2,5290,NO
1kz5,5291,NO
1kzs,5283,NO
1kzt,5283,NO
1kzv,5283,NO
1l1k,5293,YES
1l1m,5345,YES
1l2y,5292,NO
1l3e,5306,YES
1l3y,5338,NO
1l4v,1209,NO
1l4w,4195;4838,NO
1l6e,4473,YES
1l8c,5327,YES
1lbj,5454,NO
1ld5,5381,NO
1ld6,5375,NO
1lfc,4157,NO
1lfu,5349,YES
1lgl,5184,NO
1liq,5369,NO
1ljv,5379,NO
1ljz,4195;4838,NO
1lkq,1344,NO
1lmm,5495,NO
1lo1,5363,YES
1lqc,736,NO
1lv4,5463,NO
1lvz,5376,YES
1lxf,5386,YES
1m02,5494,NO
1m25,5405,NO
1m36,5464,NO
1m4e,5501;5502,NO
1m4f,5501,NO
1m4p,5532,YES
1m4q,5532,YES
1m8b,1374;5472;5473,YES
1m8c,1374;5472;5473,YES
1ma2,5486;5487;5488;5489,NO
1ma4,5486;5487;5488;5489,NO
1ma5,5486;5487;5488;5489,NO
1ma6,5486;5487;5488;5489,NO
1mb6,5527,NO
1mhi,1585,NO
1mhj,1585,NO
1mhu,1154,NO
1mmc,6591;6637;6639;6647,NO
1mot,5607,NO
1mpe,5654,YES
1mpz,5410,NO
1mqx,5581,NO
1mqy,5582,NO
1mqz,5580,NO
1mtq,5585,NO
1mv4,5610,YES
1mwn,5544,YES
1mxq,5575,NO
1myu,5574,NO
1n09,5613,NO
1n0z,5667,NO
1n1u,5609,NO
1n4n,5612,NO
1n6t,5611,NO
1n7t,5631,YES
1n87,5594,YES
1n8m,5676,NO
1nau,5673,NO
1nbj,4461,NO
1nbl,5670,NO
1nd9,5624,YES
1ne5,5652,NO
1nh4,5815,NO
1nix,5675,NO
1niy,5674,NO
1nj3,5669,YES
1njq,5342,NO
1nk2,4141,YES
1nk3,4141,YES
1nmj,5735,NO
1npq,5738,YES
1nvo,5747,NO
1nwd,5770,YES
1nxn,5608,YES
1o53,5708,NO
1om2,4496,YES
1omq,5542,NO
1omt,42,NO
1omu,42,NO
1oqp,5722,YES
1orl,5767,NO
1osl,5791,YES
1p4q,5306,YES
1p7a,5851,NO
1p9f,5864,NO
1p9j,5801,NO
1pb5,5817,YES
1pd7,5457;5808,YES
1pdc,1474,NO
1pit,45,NO
1pjf,5877,NO
1plw,5915,NO
1plx,5914,NO
1pon,3118,NO
1pp5,5859,YES
1pqr,5869,NO
1psb,5838,YES
1pv0,5847,YES
1pvz,5865,NO
1pxq,5860,YES
1q10,5875,YES
1q2f,5911,YES
1q2i,5911,YES
1q2j,5881,NO
1q2n,4023;5656,YES
1q5w,5669,YES
1q68,5944,YES
1q69,5944;5945,YES
1q7o,5934,YES
1q9b,6123,NO
1qa4,4950,NO
1qa5,4951,NO
1qbf,4842,NO
1qey,4355,YES
1qfa,4398,NO
1qfb,4406,NO
1qfd,4404;4490,NO
1qgm,4351,YES
1qhk,4424,YES
1qk7,4410,NO
1qky,4427,NO
1qlo,4557,NO
1qmw,4503,YES
1qp6,4347,NO
1qtg,4540,NO
1quz,4541,NO
1qvk,6041,NO
1qvl,6041,NO
1qx9,5938;5941,NO
1qxq,5938;5941,NO
1r02,5994,NO
1r2a,4473,YES
1r48,5972,NO
1r7c,5978,YES
1r7d,5978,YES
1r7e,5978,YES
1r7f,5978,YES
1r7g,5978,YES
1r8u,5987,YES
1r9i,6027,NO
1r9v,6039,YES
1rcs,441,NO
1rg3,6040,NO
1rg4,6040,NO
1rgj,5988,NO
1rgo,6005,YES
1rij,6088,NO
1rik,6064,NO
1rim,6063,NO
1rji,6037,NO
1rkj,4867,YES
1rkk,6020,NO
1rkl,6056,NO
1rmk,6135,NO
1ru5,6068,NO
1ruu,6068,NO
1rwd,5926,NO
1ryg,6067,NO
1ryv,6066,NO
1s1o,6101,YES
1s40,5232,YES
1s4a,6105,YES
1s4h,6107,NO
1s4j,6106,NO
1s4t,6083,NO
1s5q,4635,NO
1s5r,4635,NO
1s6w,6085,YES
1s8k,6109,NO
1sb0,6095,YES
1scy,408,NO
1sf1,1344,NO
1sh1,1049,NO
1shi,275,NO
1sjt,1344,NO
1sju,1344,NO
1ski,6170,NO
1skk,6169,NO
1skl,6168,NO
1smz,6151,NO
1sop,6200,YES
1sp7,6200,YES
1spw,6263,NO
1srb,1811,NO
1srk,6216,NO
1ss3,6139,NO
1ssl,6165,NO
1ssu,6160,NO
1suy,5824,YES
1sv1,5824,YES
1sx0,6191,YES
1sx1,6191,YES
1sy9,5480,YES
1t0c,6623,NO
1t0w,6123,NO
1t1k,1344;6204,NO
1t1p,1344;6203,NO
1t1q,6205,NO
1t2y,248;6290,NO
1t51,6220,NO
1t52,6219,NO
1t54,6218,NO
1t55,6217,NO
1t5m,6246,NO
1t5q,6245,NO
1tm6,6289,YES
1tmz,4133,NO
1tn9,4165,YES
1tot,6238,YES
1tur,42,NO
1tus,44,NO
1tv0,6264,NO
1u0i,6260,NO
1u2u,6301,NO
1u7j,6303,NO
1u7m,6302,NO
1uao,5694,NO
1ugl,5848,NO
1ujl,5922,NO
1ul2,5985,NO
1unc,5964;5965,NO
1und,5966,NO
1uua,262,NO
1uuc,6110,NO
1v28,5986,NO
1v46,6006,NO
1v4z,6017,NO
1v50,6018,NO
1v6r,6070,NO
1v92,5876,YES
1vd7,6156,NO
1vd8,6157,NO
1vd9,6154,NO
1vda,6155,NO
1vdb,6156,NO
1vdi,10012,YES
1vdj,9500,YES
1vex,10002,YES
1vgh,5238,NO
1vj6,5131;6060,YES
1vkt,1760,NO
1vpc,4257,NO
1w1n,6228,YES
1wa7,6261;6456,YES
1wnk,6154;6296,NO
1wnm,6157;6293,NO
1wnn,6155;6294,NO
1wo3,6329,NO
1wo4,6328,NO
1wo5,6327,NO
1wo6,6326,NO
1wo7,6325,NO
1wpd,6347,NO
1wqk,6370,NO
1wrg,6350,YES
1wso,5994,NO
1wt7,6389,NO
1wt8,6037,NO
1wxn,6467,NO
1wz4,6557,NO
1x22,5749,NO
1x32,6589,YES
1x5v,6636,NO
1x9b,6291,YES
1x9v,4257,NO
1xgl,1344,NO
1xkm,6499,NO
1xr0,4790,YES
1xrd,6349,YES
1xsw,6351,YES
1xt7,6420,NO
1xut,6384,YES
1xv3,6388,NO
1xxz,6421,NO
1xy4,6422,NO
1xy5,6423,NO
1xy6,6424,NO
1xy8,6425,NO
1xy9,6426,NO
1y03,6427,YES
1y04,6427,YES
1y0j,4423,NO
1y1b,6386,NO
1y1c,6387,NO
1y4e,6446,YES
1y58,6463,NO
1y5c,6462,NO
1yiu,6459,YES
1ymz,6530,NO
1yt6,6511,NO
1ytr,6561,NO
1ywi,6558;6559,YES
1ywj,6558,YES
1yyb,6556,YES
1z0q,6554,YES
1z0r,4281,YES
1z65,6598,NO
1z9i,6579,YES
1za8,6596,NO
1zjq,6654,NO
1zlc,6720,NO
1zn5,5877,NO
1znt,6656,NO
1znu,6627,YES
1zr7,6721,YES
1zrp,5601,YES
1zsg,6777,YES
1ztn,4476,NO
1zuv,6656,NO
1zxh,6679,YES
2a05,6740,YES
2a1c,6714,NO
2a2b,6737,NO
2a4j,5503;5992,YES
2a93,4200,NO
2a9h,6728,NO
2aap,6654,NO
2aff,6748,YES
2agh,6095;6750,YES
2aiz,6465;6856;6858,YES
2ajj,6757,YES
2ajm,6757,YES
2ajn,6757,YES
2ajo,6757,YES
2ajw,6818,NO
2ak0,6817,NO
2amn,6835,NO
2ap7,6774,YES
2ap8,6775,YES
2ari,6867,YES
2atg,6815,NO
2axk,6924,NO
2b38,6872,NO
2b68,6849,NO
2b6g,6956,YES
2b87,6806,YES
2b88,6804,YES
2b89,6805,YES
2bai,6863,YES
2bbg,4211,NO
2bbl,6898,NO
2bbp,6898,NO
2bbu,6580,YES
2bbx,6865,YES
2bc7,6897,NO
2bc8,6896,NO
2bds,480,NO
2beg,5057,NO
2bic,6520,NO
2bjc,7354,YES
2bl6,7352,NO
2bmt,4191,NO
2bn5,6690,YES
2btx,4195,NO
2bug,6696,YES
2bus,53,NO
2c06,6925,YES
2cbh,192,NO
2cef,6993,YES
2ceh,6991,YES
2cez,6996,YES
2cfj,6998,YES
2cpb,4197;4209,YES
2cps,4197,YES
2crd,114,NO
2czp,10001,YES
2czy,6749,YES
2dah,11271,YES
2dci,6954,NO
2dez,7006,NO
2df0,7005,NO
2dj9,7050,NO
2djc,7051,NO
2dq5,7124,YES
2dt7,11365,YES
2dwf,6741,NO
2dwv,10028,YES
2dyf,6721,YES
2e2f,6729,NO
2e45,7365,YES
2e4e,15107,NO
2e8d,10022,YES
2ec7,7384,NO
2ech,2204,NO
2ecj,11341,YES
2ecm,11343,YES
2eem,15140,NO
2efz,15195,NO
2elk,10150,YES
2em1,10166,YES
2em2,10167,YES
2em3,10168,YES
2em4,10179,YES
2em5,10196,YES
2em6,10197,YES
2em7,10180,YES
2em8,10198,YES
2em9,10181,YES
2ema,10199,YES
2emb,10200,YES
2emc,10201,YES
2eme,10182,YES
2emf,10183,YES
2emg,10184,YES
2emh,10202,YES
2emi,10203,YES
2emj,10204,YES
2emk,10205,YES
2eml,10303,YES
2emm,10304,YES
2emp,10305,YES
2emv,10224,YES
2emw,10225,YES
2emx,10226,YES
2emy,10227,YES
2emz,10228,YES
2en0,10229,YES
2en1,10230,YES
2en2,10231,YES
2en3,10232,YES
2en4,10233,YES
2en6,10151,YES
2en7,10152,YES
2en8,10169,YES
2en9,10170,YES
2ena,10171,YES
2enc,10172,YES
2ene,10173,YES
2enf,10174,YES
2enh,10175,YES
2eoe,11167,YES
2eof,10216,YES
2eog,10217,YES
2eoh,10206,YES
2eoi,11165,YES
2eoj,10218,YES
2eok,10219,YES
2eol,11166,YES
2eom,10189,YES
2eon,10220,YES
2eop,10191,YES
2eoq,10192,YES
2eor,10221,YES
2eos,10157,YES
2eou,10158,YES
2eov,10153,YES
2eow,10207,YES
2eox,10208,YES
2eoy,10154,YES
2eoz,10209,YES
2ep0,10210,YES
2ep1,11169,YES
2ep2,10155,YES
2ep3,11170,YES
2epq,11378,YES
2epr,11379,YES
2eps,11380,YES
2err,6895,YES
2esy,6892,NO
2eti,397,YES
2ew4,6891,NO
2ewl,6916,YES
2f8b,6916,YES
2fho,11366;11367,YES
2flg,7010,NO
2fqa,6952,NO
2fqc,6951,NO
2frw,7035,YES
2fs1,6945,YES
2fxp,6969,YES
2fxy,7012,YES
2fxz,7011,YES
2fy9,6826,YES
2g35,7061,YES
2g3q,7002,YES
2g46,6997,YES
2g57,7001,NO
2g9j,7080,YES
2g9l,7065,NO
2gj0,7064,NO
2gkd,6726,YES
2gl1,7092,NO
2glo,7097,YES
2gmc,6437,NO
2gmd,6437,NO
2gqe,7158,YES
2gs0,6225,YES
2gw9,6264,NO
2gx1,7186,NO
2h1z,7117,YES
2h3s,7233,NO
2h3t,7232,NO
2h4b,7233,NO
2h7d,7150,YES
2h7e,7150,YES
2h8s,7177,NO
2h9x,7166,NO
2hgh,7194,YES
2hiu,1344,NO
2hn8,7258,NO
2hug,7241,YES
2i1d,15051,NO
2i1e,15040,NO
2i1f,15041,NO
2i1g,15042,NO
2i1h,15043,NO
2i1i,15044,NO
2i1p,7263,NO
2i1t,7273,NO
2i2h,15069,NO
2i2j,15068,NO
2i5o,15160,YES
2i94,7293,YES
2i9m,7282,YES
2i9n,7283,NO
2i9o,7284,NO
2igz,7294;7295,YES
2iij,6298,YES
2ike,15106,YES
2imu,15108,NO
2it8,7361,YES
2iwj,7342,NO
2j0z,7251,NO
2j10,7252,NO
2j11,7252,NO
2j15,7341,NO
2j5d,7288,YES
2j5h,7299,NO
2jm0,15000,YES
2jm2,7262,YES
2jma,7306,NO
2jmf,15016,YES
2jmx,15072,YES
2jmy,15099,YES
2jn5,15095,NO
2jnh,15111,YES
2jni,15115,NO
2jnr,15124,NO
2jo5,15392,NO
2jo9,15153,YES
2joa,15154,YES
2joc,15159,NO
2jod,15166,YES
2jof,15169,NO
2jot,15382,NO
2jou,6741,NO
2jp5,15218,YES
2jp9,15532,NO
2jpa,15533,NO
2jpj,15259,NO
2jpk,15261,NO
2jpl,15259,NO
2jpm,15261,NO
2jpp,15257,YES
2jq2,15267,NO
2jq8,15271,YES
2jqb,15272,NO
2jqc,15273,NO
2jqw,15302,NO
2jr3,15318,NO
2jr8,15323,NO
2jrd,15390,NO
2jsb,15359,NO
2jtt,15418,YES
2jum,15450,NO
2jup,15453,NO
2juu,15454,NO
2juv,15455,NO
2jv1,15464,NO
2jv4,15466,YES
2jvd,15476,YES
2jvx,15499,NO
2jvy,15500,NO
2jw1,15504,YES
2jwg,15753,NO
2jwh,15752,NO
2jws,15535,YES
2jwu,15537,YES
2jx8,15550,YES
2jxc,15554,YES
2jxf,15559,YES
2jy0,15579,YES
2jy7,15591,YES
2jy8,15592,YES
2jzi,15624,YES
2k03,15635,YES
2k04,15636,YES
2k05,15637,YES
2k0b,15591,YES
2k10,15665,NO
2k17,15671,YES
2k1k,15728,YES
2k29,15691,NO
2k2f,15704,NO
2k2y,15730,NO
2k2z,15731,NO
2k38,17015,YES
2k3c,15747,YES
2k3u,15778,YES
2k42,16824,YES
2k4x,15811,YES
2k6i,15870,YES
2k6o,15876,YES
2k6q,15877,YES
2k6r,15879,YES
2k6s,15880,YES
2k6t,16901,YES
2k6u,16968,YES
2k72,15900,NO
2k76,15946,NO
2k7l,15919,YES
2k8f,15944,YES
2k8j,15951,YES
2k8x,15965,YES
2k91,16027,NO
2k9e,15983,YES
2k9i,15987,NO
2k9j,16497,YES
2k9o,15992,NO
2k9u,16002,YES
2k9y,16005,YES
2ka1,16012,YES
2ka4,16014,YES
2ka6,16015,YES
2kad,16020,YES
2kae,16812,YES
2kak,16025,NO
2kam,16028,NO
2kb9,16857,NO
2kbl,16090,NO
2kbm,16050,YES
2kbv,16056,YES
2kc6,16062,YES
2kc8,16065,YES
2kcg,16073,NO
2kch,16074,NO
2kcn,16087,YES
2kdl,16116,YES
2kdm,16117,YES
2kdr,16122,YES
2ke1,16510,YES
2keg,16148,YES
2keh,16149,YES
2kel,16153,YES
2kes,16156,YES
2kfe,16178,NO
2kff,16179,YES
2kfg,16180,YES
2kfh,16181,YES
2kfq,16187,NO
2kft,16878,YES
2kg0,16193,YES
2kg1,16194,YES
2kgg,16209,YES
2kgi,16210,YES
2kh9,16230;16243;16244;16246,YES
2khb,16235,NO
2khf,16239,YES
2khg,16241,YES
2khk,16247,YES
2khs,15357,YES
2kht,16254,YES
2ki9,16268,NO
2kib,20074,YES
2kid,16270,YES
2kio,16284,YES
2kit,16295,YES
2kj4,16311,YES
2kje,16318,YES
2kjn,16332,NO
2kjo,16333,NO
2kk7,16354,YES
2kkd,15375;16849,NO
2kke,16357,YES
2klw,16400,YES
2klz,16405,YES
2km8,16425,YES
2kmj,16431,NO
2kmo,16436,NO
2kmp,16437;16438,NO
2kmu,16544,YES
2kmz,17237,NO
2kn1,17252,NO
2kn7,16449,YES
2knc,16496,YES
2kne,16465,YES
2kng,16831,YES
2knh,16467,YES
2kni,16468,YES
2knu,16477,NO
2knx,16482,YES
2knz,16484,YES
2ko0,16485,YES
2koe,16504,NO
2koh,16507,YES
2koz,16539,NO
2kp0,16540,NO
2kpa,16550,NO
2kpb,16551,NO
2kpi,16556,YES
2kpl,16559,YES
2kpz,16574,YES
2kq0,16575,NO
2kq5,16589,NO
2kql,16605,NO
2kqq,16663,NO
2kqt,16612,YES
2kri,16639,NO
2krm,16641,YES
2ks9,16660;20115,NO
2ksa,20116,NO
2ksb,20117,NO
2ksg,16817,NO
2ksp,16671,YES
2kt5,16683,YES
2ktb,16694,YES
2ktc,16693,YES
2kus,16745,YES
2kuy,16747,YES
2kv4,16768,YES
2kvh,16797,YES
2kvm,16778,YES
2kwf,16851,YES
2kwh,15524,NO
2kwn,16861,YES
2kwo,16865,YES
2kwt,16886,YES
2kwu,16880,YES
2kwv,16885,YES
2kwz,16892,NO
2kx5,16941,NO
2kxa,16907,YES
2kxc,16909,YES
2kxk,16915,NO
2kxn,16920,YES
2kxq,16923,YES
2ky3,17227,NO
2ky5,16935,YES
2ky8,16936,YES
2kya,16943,NO
2kyg,16954,YES
2kyj,16963,NO
2kyl,16967,YES
2kym,16970,YES
2kyq,16978,YES
2kza,17001,NO
2kzq,17011,YES
2kzu,17019,YES
2l07,17032,YES
2l0e,17040,NO
2l0i,17044,YES
2l11,17071,YES
2l12,17072,YES
2l14,17073,YES
2l1b,17079,YES
2l1c,17080,YES
2l1j,17086,NO
2l1o,17091,NO
2l1r,17103,YES
2l1y,17107,NO
2l1z,17108,NO
2l2l,17138,YES
2l2r,17152,NO
2l2w,17153,YES
2l2x,17154,YES
2l2y,17155,YES
2l2z,17156,YES
2l3h,17193,NO
2l3i,17194,NO
2l3r,17200,YES
2l44,17228,NO
2l45,17229,NO
2l4g,17240,NO
2l4j,17241,YES
2l4t,17255,YES
2l4u,17256,NO
2l53,17264,YES
2l5d,17273,YES
2l5e,17270,YES
2l5g,17271,YES
2l5r,17281,NO
2l60,17291,NO
2l61,17294,NO
2l62,17295,NO
2l63,17296,NO
2l64,17297,NO
2l6e,17307,YES
2l6j,17312,YES
2l70,17330,NO
2l71,17331,NO
2l75,17344,YES
2l77,17346,NO
2l79,17347,NO
2l7c,17356,NO
2l7h,6822,YES
2l7l,17360,NO
2l7t,17377,NO
2l7u,17378,YES
2l86,17394,NO
2l87,17395,NO
2l8e,17396,YES
2l8j,17412,YES
2l8s,17424,YES
2l8x,17430,YES
2l91,17433,YES
2l92,17434,YES
2l93,17435,YES
2l96,17438,NO
2l99,17441,NO
2l9a,17442,NO
2l9b,17161,YES
2l9g,17450,NO
2l9i,17458,NO
2l9s,17485,YES
2l9u,17488,YES
2l9x,17492,YES
2l9z,17494,NO
2la0,17495,YES
2la2,17500,NO
2la5,17504,NO
2laj,17529,YES
2lam,17531,NO
2laq,17533,YES
2las,17536,YES
2lat,17537,NO
2law,17538,YES
2lax,17539,NO
2lay,17540,YES
2laz,17541,NO
2lb0,17542,YES
2lb1,17543,YES
2lb2,17544,YES
2lb3,17545,YES
2lb7,17547,NO
2lbg,17558,YES
2lbm,17569,YES
2lbs,17574,YES
2lbz,17583,YES
2lcm,17617,NO
2lcn,17618,NO
2lco,17619,NO
2lcs,17629,YES
2lct,17632,YES
2lcx,7205,YES
2lcy,17638,YES
2lcz,17639,YES
2ld0,17642,NO
2ld2,17644,NO
2ld5,16577,YES
2lda,17657,NO
2ldc,17658,NO
2ldd,17659,NO
2lde,17661,NO
2ldf,17662,NO
2ldj,17669,NO
2lds,17681,YES
2le2,17689,NO
2le3,17690,YES
2le7,17699,NO
2le8,17702,YES
2leb,17706,YES
2lec,17707,YES
2lef,4248,YES
2leh,17711,YES
2ler,17726,YES
2leu,4507,NO
2lev,17729,YES
2lew,17731,NO
2lex,17732,YES
2ley,17733,NO
2lfk,17763,NO
2lfl,17779,NO
2lfm,17764,NO
2lg4,17792,YES
2lg5,17797,NO
2lg6,17798,NO
2lgb,17803,YES
2lgf,17807,YES
2lgg,17808,YES
2lgi,17810,YES
2lgk,17812,YES
2lhc,17839,YES
2lhd,17840,YES
2lhe,17841,YES
2lhg,17843,YES
2lhv,17868,YES
2lhw,17869,YES
2lhx,17870,YES
2lhy,17871,YES
2lhz,17872,YES
2li0,17873,YES
2li1,17874,YES
2li2,17875,YES
2li5,17879,YES
2li8,17883,YES
2li9,17884,YES
2lic,17888,NO
2lid,17889,NO
2lif,17891,YES
2lix,17908,NO
2liy,11452,YES
2lj7,17923,YES
2ljb,17928,YES
2ljc,17929,YES
2ljq,17955,YES
2ljs,17956,NO
2ljt,17958,YES
2lk0,17969,NO
2lk1,17970,NO
2lk5,17979,NO
2lk6,17997,NO
2lk9,17985,YES
2lkj,17990,YES
2lkm,18000,YES
2lkq,18009,NO
2lks,18010,YES
2lkw,18014,NO
2lkx,18015,YES
2ll1,18019,YES
2ll2,18022,NO
2ll5,18023,NO
2ll6,18027,YES
2ll7,18028,YES
2lld,18043,YES
2llm,18080,YES
2llo,18082,YES
2llp,18083,YES
2llq,18084,YES
2llr,18085,NO
2lm8,18102,NO
2lma,17584,YES
2lmb,18110,YES
2lmf,18114,YES
2lmn,18127,YES
2lmo,18128,YES
2lmp,18129,YES
2lmq,18131,YES
2lmz,18141,YES
2ln4,18146,NO
2lne,18162,NO
2lnf,18163,NO
2lng,18164,NO
2lnh,18165,YES
2lnk,18169,YES
2lnq,18175,YES
2lnw,18182,YES
2lny,18184,YES
2lo2,18191,YES
2lo3,18192,YES
2lo4,18195,YES
2lo6,17173,YES
2lo7,17987,NO
2lo9,18203,YES
2lob,18205,YES
2loc,18206,YES
2lox,18229,YES
2loz,17364,YES
2lp0,17407,YES
2lp8,18238,YES
2lpb,18244,YES
2lpf,18256,YES
2lq0,18284,NO
2lq1,18286,NO
2lq2,18289,NO
2lqa,18300,YES
2lqc,18302,YES
2lqh,18314,YES
2lqi,18315,YES
2lqx,18334,YES
2lqy,18335,NO
2lr1,18340,YES
2lr3,18345,NO
2lr5,18347,NO
2lr7,18350,NO
2lr9,18354,NO
2lrx,18400,YES
2ls1,18405,YES
2ls2,18408,NO
2ls3,18409,NO
2ls4,18410,NO
2ls9,18418,NO
2lsa,18420,NO
2lsi,18432,YES
2lsj,18433,YES
2lsk,18434,YES
2lsp,18439,YES
2lsq,18440,YES
2lsr,18441,YES
2lsv,18447,YES
2lsw,18449,YES
2lt7,18462,YES
2lt8,18463,YES
2lti,18481,NO
2lto,18490,YES
2ltt,18496,YES
2ltv,18498,NO
2ltw,18499,NO
2ltx,18500,NO
2lty,18501,NO
2ltz,18502,NO
2lu6,18510,YES
2lu9,18513,NO
2lua,18514,YES
2lue,18518,YES
2luf,18519,YES
2lug,18520,YES
2lum,18531,YES
2lup,18534,YES
2lur,18536,NO
2luv,18542,YES
2lv6,18556,NO
2lvg,18568,YES
2lvm,18579,YES
2lvn,18581,YES
2lvo,18582,YES
2lvp,18583,NO
2lvq,18584,NO
2lw9,18614,YES
2lwa,18617,YES
2lwb,18618,YES
2lwc,18619,NO
2lwl,18634,YES
2lwq,18641,YES
2lws,18643,YES
2lwt,18644,YES
2lwu,18645,YES
2lwz,18654,YES
2lx0,18655,NO
2lx4,18658,NO
2lx5,18659,NO
2lx6,18661,NO
2lxg,20048,YES
2lxo,18684,NO
2lxp,18688,NO
2lxs,18694,YES
2lxt,18695,YES
2lxw,18700,YES
2lxz,18705,YES
2ly0,18706,YES
2ly5,16215,YES
2ly6,18710,YES
2lyd,18720,YES
2lye,18722,YES
2lyf,18723,YES
2lz3,18649,YES
2lz4,18648,YES
2lz5,18736,NO
2lzi,18757,YES
2lzl,18763,YES
2lzo,18766,YES
2lzp,18768,YES
2lzq,18769,YES
2lzr,18770,YES
2lzs,18771,NO
2lzx,18783,YES
2lzy,18784,YES
2m04,18793,YES
2m0b,18804,YES
2m0h,18809,NO
2m0j,17771,YES
2m0k,17771,YES
2m0o,18813,YES
2m0p,18816,YES
2m0s,18822,YES
2m0u,18825,YES
2m0v,18826,YES
2m0w,18830,NO
2m14,18842,YES
2m1a,18852,YES
2m1d,18858,NO
2m1e,18859,NO
2m1f,18861,YES
2m1j,18865,NO
2m1p,18875,YES
2m1t,18879,NO
2m2g,18913,YES
2m2h,18914,YES
2m2m,18921,NO
2m2n,18923,NO
2m2o,18924,NO
2m2p,18925,NO
2m2q,18926,NO
2m2s,18931,YES
2m2w,18935,YES
2m2x,18937,YES
2m2y,18938,YES
2m32,18942,YES
2m35,18945,YES
2m36,18946,YES
2m37,18948,NO
2m3b,18952,NO
2m3e,18958,YES
2m3f,18959,YES
2m3i,18964,NO
2m3j,18965,YES
2m3m,17942,YES
2m3n,18970,YES
2m3o,18971,YES
2m3z,18980,YES
2m41,18982,YES
2m4j,19009,YES
2m4x,19026,NO
2m4y,19027,YES
2m4z,19030,NO
2m50,19032,NO
2m55,19036,YES
2m59,19041,YES
2m5a,19043,YES
2m5b,19045,YES
2m5e,19050,YES
2m5f,19052,YES
2m5k,19058,YES
2m5l,19059,YES
2m5m,19060,YES
2m5n,19062,YES
2m5p,19070,NO
2m5q,19071,NO
2m5x,19085,YES
2m5z,19094,NO
2m60,19101,NO
2m61,19102,YES
2m62,19103,YES
2m6a,19124,YES
2m6c,19128,NO
2m6d,19129,NO
2m6e,19130,YES
2m6f,19131,YES
2m6g,19132,NO
2m6h,19133,NO
2m6j,19142,YES
2m6o,19148,YES
2m6p,19149,YES
2m73,19170,NO
2m76,19174,YES
2m77,19175,YES
2m78,19176,YES
2m79,19177,YES
2m7c,19180,NO
2m7d,19183,NO
2m7e,19184,NO
2m7i,19190,YES
2m7j,19192,YES
2m7p,19200,YES
2m7r,19202,YES
2m7t,19205,YES
2m7x,19216,NO
2m86,19230,YES
2m8b,19237,YES
2m8d,19248,YES
2m8e,19249,NO
2m8f,19250,NO
2m8i,19258,YES
2m8j,19259,YES
2m8m,19262,NO
2m8o,19263,NO
2m8s,18416,YES
2m8v,19275,YES
2m96,19283,YES
2m99,19287,YES
2m9e,19291,NO
2m9f,19292,NO
2m9i,19295,NO
2m9j,19296,NO
2m9l,19300,YES
2m9o,19304,NO
2m9p,19305,YES
2m9q,19306,YES
2m9r,19309,NO
2ma9,19333,YES
2maa,19334,NO
2mae,19342,YES
2mai,19355,YES
2mak,19363,YES
2map,19367,YES
2mau,19374,NO
2mb0,19382,YES
2mb1,19383,YES
2mbd,19396,YES
2mbh,19399,YES
2mby,19416,YES
2mbz,19421,YES
2mc0,19422,YES
2mc1,19423,YES
2mc6,19429,YES
2mc7,19430,NO
2mce,19437,NO
2mcr,19450,YES
2mcu,19454,NO
2mcv,19455,NO
2mcw,19456,NO
2mcx,19457,NO
2md0,19460,YES
2md1,19468,NO
2md2,19469,NO
2md3,19470,NO
2md4,19471,NO
2md6,19476,YES
2md7,19472,YES
2md8,19473,YES
2mdb,11538,NO
2mdc,19483,YES
2mdf,19484,NO
2mdg,19486,YES
2mdi,19487,YES
2mdj,19488,YES
2mdl,18363,YES
2mdq,19501,YES
2mdu,19503,NO
2mdv,19504,NO
2mdw,19505,NO
2me1,19512,YES
2me2,19513,YES
2me3,19514,YES
2me4,19515,YES
2me7,19519,NO
2mel,19524,NO
2men,19527,NO
2meo,19528,NO
2met,19531,YES
2meu,19532,YES
2mf3,19535,YES
2mf8,19540,YES
2mfa,19542,YES
2mfc,19544,YES
2mfe,19546,YES
2mff,19547,YES
2mfg,19548,YES
2mfh,19549,YES
2mfm,19555,YES
2mfo,19556,YES
2mfp,19557,NO
2mfq,19562,YES
2mfr,19568,YES
2mfs,19570,YES
2mfv,19573,NO
2mfx,19577,YES
2mfy,19578,YES
2mg0,19580,NO
2mg1,19581,YES
2mg2,19582,YES
2mg3,19583,NO
2mg5,19586,YES
2mg6,19587,YES
2mg9,19593,YES
2mgo,19595,YES
2mgt,19602,YES
2mgu,19604,YES
2mgw,19606,YES
2mgz,19609,YES
2mh0,19610,YES
2mh1,19611,YES
2mh5,19619,YES
2mh8,19623,YES
2mho,19643,YES
2mhv,19657,YES
2mhw,19658,NO
2mhy,19660,YES
2mi1,19663,NO
2mi5,19666,YES
2mi9,18998,NO
2mia,18999,NO
2mic,19673,YES
2mid,19674,YES
2mie,19675,YES
2mif,19677,YES
2mig,19678,YES
2mih,19679,YES
2mij,19683,YES
2mit,19693,YES
2mix,19697,YES
2mj1,19701,NO
2mj2,19702,NO
2mj9,19712,NO
2mjc,19716,YES
2mjf,19626,YES
2mjg,18939,YES
2mjh,19726,YES
2mjk,19729,NO
2mjo,19741,YES
2mjq,11551,YES
2mjr,11552,YES
2mjs,11553,YES
2mjt,11554,NO
2mjv,19738,YES
2mjy,19746,NO
2mjz,19747,YES
2mk7,19759,YES
2mk9,19764,YES
2mkb,19765,NO
2mkc,19766,YES
2mki,19776,YES
2mkk,19778,YES
2mkn,17679,YES
2mkp,19789,YES
2mkr,19791,YES
2mkx,19799,YES
2mky,19800,YES
2ml7,19808,NO
2ml9,19809,YES
2mla,19810,NO
2mld,19813,NO
2mli,19822,YES
2mlj,19823,NO
2mlo,19828,YES
2mlq,19829,YES
2mlu,19832,YES
2mlv,19833,YES
2mm4,19845,YES
2mm5,19846,NO
2mm6,19847,NO
2mmj,19856,YES
2mmm,19859,YES
2mmt,19865,NO
2mmw,21000,NO
2mn1,19874,NO
2mn3,19878,NO
2mn5,19880,YES
2mn8,19882,YES
2mn9,19883,YES
2mna,19095,YES
2mnj,19688,YES
2mnq,19901,YES
2mns,19902,YES
2mnu,19906,YES
2mny,19913,YES
2mnz,19914,YES
2moa,19932,NO
2moc,19933,NO
2moe,19939,YES
2mof,19941,YES
2mow,19954,YES
2mp2,19961,YES
2mp9,19973,YES
2mpg,19978,NO
2mpi,19979,NO
2mpj,19986,YES
2mpm,19989,YES
2mpq,19998,YES
2mps,18876,YES
2mpt,25000,YES
2mpz,25004,YES
2mq2,25009,NO
2mq4,25011,NO
2mq5,25012,NO
2mqf,25031,YES
2mqo,25041,YES
2mqp,25042,YES
2mqq,25043,YES
2mqs,25048,YES
2mqu,25050,YES
2mqv,25052,NO
2mr9,25066,NO
2mre,25070,YES
2mrf,25071,YES
2mrk,25082,NO
2mru,25092,NO
2mrw,25096,NO
2ms0,25100,NO
2ms1,25101,NO
2ms3,25102,NO
2ms4,25104,YES
2msa,25112,NO
2msf,25122,YES
2mso,25128,NO
2msq,25129,NO
2msr,25130,YES
2msu,25131,NO
2mt7,25151,YES
2mt8,25152,NO
2mtm,25169,YES
2mto,25174,YES
2mtp,25176,YES
2mtt,25186,YES
2mtu,25187,YES
2mtv,25188,YES
2mtw,25189,NO
2mtx,25190,NO
2mty,25191,NO
2mtz,25192,YES
2mu6,25200,NO
2mu7,25201,NO
2mu8,25202,NO
2mu9,25203,NO
2mua,25204,NO
2mub,25205,NO
2mud,25206,NO
2mue,25207,NO
2muf,25209,NO
2mug,25211,NO
2muh,25212,NO
2muj,25215,NO
2mul,25219,YES
2mum,25221,YES
2mun,25223,YES
2muq,25229,YES
2mur,25230,YES
2muv,25233,YES
2muw,25234,YES
2muz,25236,NO
2mv1,25238,YES
2mv6,25079,YES
2mv7,19516,YES
2mva,25254,NO
2mvc,25260,YES
2mvd,25261,NO
2mvh,25268,YES
2mvi,25269,YES
2mvj,25270,YES
2mvk,25273,NO
2mvl,25274,YES
2mvm,25275,YES
2mvn,25276,YES
2mvt,25283,NO
2mvw,25288,YES
2mvx,25289,YES
2mw0,25293,YES
2mw2,25296,NO
2mw3,25297,YES
2mw4,25298,YES
2mw6,25300,YES
2mw7,25302,YES
2mw9,25309,NO
2mwa,25310,NO
2mwb,25311,NO
2mwd,25313,NO
2mwe,25314,NO
2mwf,25315,NO
2mwj,25331,NO
2mwk,25332,NO
2mwl,25335,NO
2mwn,25343,NO
2mwo,25347,YES
2mwp,25348,YES
2mwr,25352,NO
2mwt,25363,YES
2mwx,25376,YES
2mwy,25377,NO
2mx4,19905,YES
2mx6,25394,YES
2mxb,25396,YES
2mxe,25405,YES
2mxf,25407,YES
2mxg,25408,NO
2mxh,25409,NO
2mxm,25419,NO
2mxo,25421,YES
2mxp,25423,YES
2mxq,25424,NO
2mxu,25429,YES
2mxv,25433,YES
2mxy,25436,YES
2my2,25442,YES
2my3,25443,YES
2myh,25452,YES
2myl,25456,NO
2mym,25457,NO
2myq,25458,NO
2myz,25465,YES
2mz0,25468,YES
2mz1,25469,YES
2mz2,25470,NO
2mz3,25471,NO
2mz4,25472,NO
2mz6,25474,YES
2mz7,25475,NO
2mza,25478,NO
2mzd,25484,YES
2mzk,25490,YES
2mzl,25491,YES
2mzp,25495,YES
2mzx,25505,YES
2n01,25512,YES
2n07,25516,YES
2n08,25517,NO
2n09,26536,NO
2n0b,25519,YES
2n0c,25520,YES
2n0d,25521,YES
2n0e,25522,YES
2n0f,25523,YES
2n0g,25524,YES
2n0h,25525,YES
2n0i,26538,NO
2n0n,26537,NO
2n0o,25529,NO
2n0v,25537,NO
2n0x,25539,NO
2n0y,25540,YES
2n0z,25541,YES
2n13,25545,YES
2n16,25548,YES
2n1a,25553,YES
2n1c,25555,NO
2n1d,25556,YES
2n1e,25558,YES
2n1g,25559,YES
2n1n,25568,YES
2n1o,25569,NO
2n1p,25570,YES
2n1s,25574,YES
2n21,25582,YES
2n23,25584,YES
2n24,25585,YES
2n29,25592,YES
2n2a,25593,YES
2n2c,25595,YES
2n2f,25597,YES
2n2g,25598,YES
2n2h,25599,YES
2n2q,25605,YES
2n2r,25609,YES
2n2s,25610,NO
2n2v,25613,YES
2n2w,25614,YES
2n2x,25615,NO
2n30,25631,NO
2n31,25632,YES
2n35,25634,YES
2n3a,25639,YES
2n3k,25649,YES
2n3o,25652,YES
2n3p,25653,YES
2n3x,25659,YES
2n4g,25667,YES
2n4h,25668,YES
2n4k,25670,NO
2n4n,25673,NO
2n4q,25677,YES
2n4r,25678,NO
2n4s,25679,YES
2n4t,25680,NO
2n4u,25681,YES
2n4v,25682,NO
2n4w,25683,NO
2n55,25694,YES
2n58,25699,YES
2n5c,25704,YES
2n5j,25718,YES
2n5k,25719,YES
2n5l,25720,YES
2n5m,25722,NO
2n5q,25725,NO
2n5r,25726,NO
2n5s,25729,YES
2n5w,25737,NO
2n5y,25741,NO
2n63,25749,NO
2n65,25751,NO
2n66,25753,YES
2n68,25754,YES
2n69,25755,YES
2n6b,25758,YES
2n6h,25764,NO
2n6i,25765,NO
2n6m,25769,NO
2n6n,25774,YES
2n6o,25775,YES
2n6u,25782,YES
2n6v,25783,YES
2n70,25788,YES
2n71,25789,YES
2n7c,25800,YES
2n7f,25804,YES
2n7i,25806,YES
2n7j,25807,YES
2n7k,25808,NO
2n7n,25813,NO
2n7o,25814,NO
2n7q,25817,YES
2n7r,25818,YES
2n7t,25820,NO
2n82,25831,YES
2n85,25835,YES
2n88,25837,YES
2n8a,25888,YES
2n8b,25844,NO
2n8c,25845,NO
2n8d,25846,NO
2n8e,25847,YES
2n8h,26674,YES
2n8j,25852,YES
2n8l,25854,YES
2n8m,25855,YES
2n8o,25857,NO
2n8p,25858,NO
2n8r,25859,YES
2n8s,25864,YES
2n8t,25865,YES
2n8u,25866,YES
2n90,25872,YES
2n92,25877,YES
2n94,26691,YES
2n95,25881,YES
2n9a,25898,NO
2n9c,25900,NO
2n9e,25901,YES
2n9k,25909,YES
2n9l,25910,YES
2n9m,25911,NO
2n9o,25913,YES
2n9p,25914,YES
2n9r,25916,YES
2n9t,25917,YES
2n9x,25919,YES
2n9y,25920,YES
2n9z,25922,NO
2na3,25926,NO
2na5,25928,NO
2na6,25929,YES
2na7,25930,YES
2na8,25931,YES
2na9,25932,YES
2nab,25934,NO
2nae,25935,YES
2naj,25939,NO
2nal,25941,NO
2nao,26692,YES
2nat,25946,NO
2nau,25947,NO
2nav,25948,NO
2naw,25949,NO
2nay,25954,NO
2nb0,25957,YES
2nb1,25958,YES
2nb2,25959,YES
2nb5,25962,NO
2nb6,25963,NO
2nb7,25965,YES
2nb8,25966,YES
2nb9,25967,YES
2nbc,25971,YES
2nbf,25974,NO
2nbj,19957,NO
2nbl,25982,NO
2nc2,26001,YES
2nc3,26005,NO
2nc4,26006,NO
2nc5,26007,NO
2nc6,26008,NO
2nc7,26009,NO
2ncs,26034,YES
2nct,26035,YES
2ncu,26036,NO
2ncv,26037,NO
2ncw,26038,NO
2ncy,26040,NO
2ncz,26041,YES
2nd0,26042,YES
2nd1,26043,YES
2nd2,26045,YES
2nd3,26046,YES
2nd6,26049,NO
2nd7,26050,NO
2nd8,26051,NO
2ndb,26054,NO
2ndc,26055,YES
2ndd,26056,NO
2nde,26057,YES
2ndf,26059,YES
2ndg,26060,YES
2ndi,26062,YES
2ndk,26063,NO
2ndl,26064,YES
2ndm,26065,YES
2ndn,26066,YES
2nmb,4263,YES
2ns4,7367,NO
2nsv,7326,YES
2nvj,15025,NO
2nx6,15103,NO
2nx7,15104,NO
2o13,15059,YES
2o8k,15083,YES
2o9l,15083,YES
2obu,6681,NO
2oi3,6581,YES
2oj2,6581,YES
2oyv,15145,NO
2oyw,15145,NO
2p4l,15174,YES
2p5h,7389,NO
2p5j,7388,NO
2p6j,7401,YES
2p7c,5873,YES
2p81,7386,YES
2pco,7402,NO
2pld,5310;5318,YES
2ppz,15245,NO
2ql0,15374,NO
2rlg,11002,NO
2rlh,11003,NO
2rlj,11004,NO
2rly,11007,NO
2rm0,11008,NO
2rmy,11050,NO
2rn5,11016,NO
2rnd,11049,NO
2ro5,11034,YES
2rol,11040,YES
2roo,11044,NO
2roz,10236,YES
2rpj,11346,YES
2rps,11054,NO
2rq2,11072,NO
2rqg,10019,YES
2rqu,11082,YES
2rqz,11006,NO
2rr4,11115,YES
2rrh,11419,YES
2rri,11420,YES
2rrs,11439,NO
2rru,11443,YES
2rs2,11450,YES
2rs9,11463,YES
2rsn,11496,YES
2rsw,21019,NO
2rsy,11508,YES
2rt4,11524,NO
2rt5,11504,YES
2rtv,11539,NO
2rty,11535,NO
2rtz,11536,NO
2ru0,11537,NO
2ru2,11543,YES
2ru3,11541,YES
2ru7,11489,NO
2rui,11570,YES
2ruk,11578,YES
2rum,11580,YES
2run,11581,YES
2ruo,11582,YES
2rup,11583,YES
2rut,11474,YES
2ruu,11475,YES
2ruv,11486,YES
2ruw,11476,YES
2rux,11477,YES
2ruy,11478,YES
2ruz,11479,YES
2rv0,11480,YES
2rv1,11481,YES
2rv2,11482,YES
2rv3,11483,YES
2rv4,11484,YES
2rv5,11485,YES
2rvb,11594,YES
2rvd,20009,NO
2rvn,11606,YES
2sh1,1049,NO
2spz,4023,YES
2uvs,15226,YES
2v1v,4246,NO
2vgh,5238,NO
2w9o,16136,YES
2w9u,16150,YES
2w9v,16151,YES
2w9w,16152,YES
2wh9,16960,NO
2xa6,16969,YES
2yh1,17623,YES
2yka,17693,YES
2ymj,18782,YES
2yom,18159,NO
2yon,18160,NO
2yql,11347,YES
2yrh,11238,YES
2yrj,11239,YES
2yrm,10306,YES
2ys0,11150,YES
2ys2,11157,YES
2ys5,11094,YES
2yso,11368,YES
2ysp,11369,YES
2ytd,10307,YES
2yte,10308,YES
2ytf,10185,YES
2ytg,10186,YES
2yth,10187,YES
2yti,10188,YES
2ytj,10309,YES
2ytk,10310,YES
2ytm,10176,YES
2ytn,11168,YES
2yto,11171,YES
2ytp,10177,YES
2ytq,10222,YES
2ytr,10223,YES
2yts,10156,YES
2ytt,10178,YES
2yu8,10234,YES
2yyf,7397,NO
2z3s,15299,NO
2zaj,10215,YES
3bbg,4211,NO
3egf,2201,NO
3leu,4507,NO
3thk,7033,YES
3zkt,18972,YES
3zpk,19157,YES
4a24,18004,YES
4a54,18042,YES
4apd,18378,NO
4b19,18590,NO
4b1q,18897,YES
4b2u,18600,YES
4b2v,18729,YES
4b8t,18702,YES
4bd3,18764,YES
4bmf,4148,NO
4bs2,19290,YES
4bxu,19368,YES
4by9,19400,NO
4ch1,19653,YES
4cio,18846,YES
4cyk,19959,YES
4cz3,19911,YES
4cz4,19929,YES
4tgf,162,NO
4uqt,25047,YES
4uzw,25213,YES
4yyp,26547,YES
5a4h,25684,YES
5aay,25736,YES
5aaz,25742,YES
5aht,25349,YES
5b7j,36001,YES
5fzv,26002,YES
5fzw,26003,YES
5fzx,26004,YES
5giw,36009,NO
5gow,36013,YES
5gsf,36016,NO
5gvo,36017,YES
5gwg,36019,NO
5gwm,36021,YES
5h1h,36023,NO
5h1i,36024,NO
5h2s,36025,NO
5h6v,26933,YES
5huz,30005,YES
5i1r,30008,YES
5i1x,30009,YES
5i22,30010,YES
5i2p,30011,YES
5iay,30019,YES
5id5,30022,NO
5iew,30027,YES
5iir,30028,YES
5iiv,30029,YES
5ij4,30030,YES
5ion,30032,YES
5ipo,30033,YES
5j0m,30046,NO
5j1o,30049,NO
5j2w,30051,NO
5j6t,30057,NO
5j6v,30059,NO
5j6w,30060,NO
5j6z,30061,YES
5j7j,30062,YES
5j8h,30063,YES
5j8t,30064,YES
5jhi,30067,YES
5ji4,30069,YES
5jpl,30073,YES
5jpx,30075,YES
5jr0,30076,YES
5jtm,30081,YES
5jtn,30082,YES
5jto,30083,YES
5jtp,30084,YES
5jtq,30085,YES
5jtr,30086,YES
5jxv,30088,YES
5jyh,30089,NO
5jyn,30090,YES
5k5g,30099,YES
5kgy,30106,NO
5kgz,30107,NO
5khb,30109,NO
5ki0,30110,YES
5kj3,30119,YES
5kjg,30120,YES
5kk3,30121,YES
5kk9,30123,YES
5kkm,30124,YES
5kvn,30138,YES
5kwo,30140,YES
5kwp,30141,YES
5kwx,30142,YES
5kwz,30143,YES
5kx0,30144,YES
5kx1,30145,YES
5kx2,30146,YES
5l1c,30149,YES
5l34,30152,YES
5l82,34006,YES
5l85,34007,YES
5lah,34008,YES
5lbj,34011,YES
5lcs,34014,YES
5lff,34016,NO
5lfh,34017,NO
5lfy,34019,YES
5lm0,34027,NO
5lme,34028,NO
5lo2,34031,YES
5lo3,34032,YES
5lo4,34033,YES
5lv6,34040,YES
5lvf,34041,YES
5lwc,34044,YES
5lxj,34045,YES
5m8i,34057,YES
5m9d,34058,YES
5m9u,34059,YES
5m9y,34060,YES
5mf3,34065,YES
5mf8,34066,YES
5mf9,34067,YES
5mgq,34069,YES
5mhd,34070,NO
5miz,26889,YES
5mmk,34074,YES
5mml,34075,NO
5mpg,34079,YES
5mpl,34080,YES
5mwq,34087,NO
5mxl,34090,YES
5mxs,34091,YES
5mxt,34092,YES
5n14,34094,YES
5n5a,34098,NO
5n5b,34099,NO
5n7y,34102,YES
5n8l,34103,YES
5n8m,34104,YES
5nam,34108,YES
5nao,34109,YES
5nbb,34111,YES
5nce,34113,YES
5nda,34114,YES
5niq,34119,NO
5nvb,34129,NO
5nvp,34130,YES
5nwm,34131,YES
5nwu,34132,YES
5nwv,34133,YES
5nww,34134,NO
5nz9,34138,NO
5oap,34152,YES
5ob4,34154,YES
5oek,34160,YES
5ohd,34164,YES
5ojt,34165,NO
5olf,34166,NO
5oqs,34170,YES
5oqv,27212,YES
5or5,34172,YES
5t0x,30156,YES
5t3m,30160,YES
5t42,30162,YES
5t4r,30164,YES
5t56,30165,NO
5t7q,30170,YES
5tbg,30176,YES
5tbn,30177,YES
5tbq,30178,YES
5tbr,30179,YES
5tce,30180,YES
5tcz,30181,NO
5tj1,30188,NO
5tlr,30190,YES
5tn2,30194,YES
5tp6,30196,YES
5twi,30202,NO
5tww,30203,NO
5tx8,30204,YES
5u4k,26867,YES
5u5s,30206,YES
5u9b,30210,YES
5u9q,30211,YES
5u9r,30212,YES
5u9s,30213,YES
5u9v,30214,YES
5u9x,30215,YES
5u9y,30216,YES
5ua6,30217,YES
5ua7,30218,YES
5ua8,30219,YES
5ub0,30220,YES
5ubs,30221,YES
5uce,30222,YES
5ucf,30223,YES
5ug3,30225,YES
5ug5,30226,YES
5ugk,30227,YES
5ui6,30229,NO
5ui7,30230,NO
5ujg,30232,YES
5ujh,30233,YES
5ujq,30235,YES
5ujr,30236,YES
5ukz,30238,NO
5uoi,30240,YES
5up5,30242,YES
5urn,30243,YES
5us3,30244,NO
5uy2,30248,NO
5uzl,30256,NO
5uzz,30258,NO
5v0y,30259,YES
5v11,30260,YES
5v1e,30263,YES
5v2b,30265,NO
5v2g,30267,YES
5v4c,30270,NO
5v4u,30271,YES
5v7z,30273,YES
5vav,30274,YES
5vf0,30276,YES
5vfw,30281,YES
5vl6,30287,NO
5vr1,30291,YES
5vr5,30292,NO
5w4s,30305,NO
5w54,30306,NO
5w96,30311,NO
5w9f,30312,YES
5wbt,30314,YES
5wcv,30315,NO
5we3,30317,YES
5wlx,30318,YES
5woc,30319,YES
5wod,30320,YES
5wov,30323,YES
5wow,30324,YES
5wrx,36038,NO
5wuz,36040,NO
5wxe,36041,NO
5wye,36044,NO
5x0s,36047,NO
5x34,36050,YES
5x35,36051,YES
5x36,36052,YES
5x37,36053,YES
5x38,36054,YES
5x39,36055,YES
5x3c,36056,YES
5x3l,36057,NO
5x3z,36059,YES
5x6t,36062,NO
5x9x,36064,YES
5xbd,36066,NO
5xdi,36068,NO
5xdj,36069,NO
5xek,36072,NO
5xer,36073,NO
5xes,36074,NO
5xiv,36079,NO
5xm4,36083,YES
5xng,36087,NO
5xrx,36098,NO
5xv8,36101,YES
5xzk,36103,NO
5y0h,36105,YES
5y0i,36106,YES
5y0j,36107,YES
5y22,36109,YES
5y3u,36110,YES
5ydy,36115,NO
5ykk,36124,NO
5ykl,36125,NO
5ykq,36126,NO
5yz6,36142,YES
5z1y,36146,NO
5z26,36147,NO
5z2o,36148,NO
5z31,36149,NO
5z32,36150,NO
5z4b,36153,YES
5z5q,36157,NO
5z5r,36158,NO
5zaz,36165,YES
5zcn,36167,YES
5zfo,36171,YES
5zgg,36172,YES
5znu,36177,NO
5zux,36186,YES
6a8y,36200,YES
6aab,36201,NO
6afq,36205,NO
6ahz,36207,YES
6anf,30333,YES
6awk,30337,YES
6awm,30338,YES
6ax2,30339,NO
6axi,30341,YES
6aza,30342,YES
6azf,30343,NO
6azg,30344,YES
6b34,30346,NO
6b35,30347,NO
6b3u,30349,YES
6b7g,27271,YES
6b9k,30350,YES
6b9w,30351,NO
6bam,30354,NO
6bb6,30354,NO
6be7,30355,YES
6be9,30356,NO
6ben,30357,NO
6beo,30358,NO
6beq,30359,NO
6ber,30360,NO
6bes,30361,NO
6bet,30362,NO
6beu,30363,NO
6bew,30364,NO
6bf3,30365,NO
6bf5,30366,NO
6bgg,30367,YES
6bgh,30368,YES
6bi5,30351,NO
6bjf,30371,NO
6bl9,30372,YES
6bnh,30373,YES
6br0,30376,YES
6btv,30377,YES
6buc,30378,NO
6but,27095,YES
6bv7,30379,YES
6bvu,30380,YES
6bvw,30381,YES
6bvx,30382,YES
6bvy,30383,YES
6bx9,30385,NO
6bzj,30389,YES
6bzk,30390,YES
6c0a,25902,YES
6c41,30396,NO
6ceg,30405,NO
6cei,30406,YES
6cej,30407,NO
6cfa,30408,YES
6cfb,30409,YES
6cgw,30411,NO
6cgx,30412,YES
6chc,30413,NO
6civ,30414,NO
6cix,30415,NO
6cj8,30416,YES
6ckd,30419,NO
6ckf,30420,NO
6cku,30422,NO
6cl3,30424,YES
6co4,25979,YES
6coo,30427,YES
6cop,30428,YES
6coq,30429,YES
6cor,30430,YES
6cos,30431,YES
6cot,30432,YES
6cou,30433,YES
6cov,30434,YES
6cow,30435,YES
6csk,30439,YES
6csz,30440,YES
6ct1,30441,YES
6ct4,30442,YES
6ctb,27530,NO
6ctg,30443,YES
6cxn,30446,YES
6cxp,30447,YES
6cxq,30448,YES
6cxr,30449,YES
6d2h,30451,YES
6d2u,30452,NO
6d37,30453,NO
6d3t,30454,NO
6d8h,30459,NO
6d8q,30460,NO
6d8r,30461,NO
6d8s,30462,NO
6d8t,30463,NO
6d8u,30464,NO
6d8y,30465,NO
6d93,30466,NO
6d9o,30467,NO
6d9p,30468,NO
6dhr,30470,YES
6dln,30472,YES
6dmz,30475,YES
6dny,30476,YES
6dri,30479,YES
6dsl,30480,YES
6dst,30481,YES
6dul,30482,YES
6duu,30483,YES
6dz9,30486,NO
6dza,30487,NO
6dzb,30488,NO
6dzc,30489,NO
6dze,30490,NO
6e1l,30232,YES
6e5h,30496,NO
6e5i,30497,NO
6e5j,30498,NO
6e5k,30499,NO
6e5n,30500,YES
6e83,30501,YES
6e86,30502,YES
6e8w,30503,YES
6ee9,30507,NO
6efe,30508,NO
6ena,34183,YES
6es5,34187,YES
6es6,34188,YES
6es7,34189,YES
6ey3,34198,NO
6f0y,34201,YES
6f27,34203,YES
6f3v,34206,YES
6f3w,34207,YES
6f3x,34208,YES
6f3y,34209,YES
6f46,27316,YES
6f55,34211,YES
6f61,34212,YES
6f7m,34213,NO
6f7n,34214,NO
6f7o,34215,NO
6fce,34222,NO
6fdp,34223,YES
6fdt,34224,YES
6fgm,27357,NO
6fgp,34232,YES
6fs4,34237,NO
6fs5,34238,NO
6ftk,34239,YES
6g04,34248,YES
6g4i,34250,NO
6g4k,34251,NO
6g4u,34252,NO
6g4v,34253,NO
6g4x,34254,NO
6g99,34258,YES
6gbe,16879,YES
6gbm,34259,YES
6gc3,34260,YES
6gd5,34261,YES
6gdz,34264,NO
6ge2,34266,NO
6gft,34267,NO
6ggz,34268,NO
6gif,34270,NO
6gig,34271,NO
6gij,34272,NO
6gik,34273,NO
6gil,34274,NO
6gnz,34278,YES
6go0,34279,YES
6gs5,34283,NO
6gs9,34284,NO
6gv6,34288,YES
6gv7,34289,YES
6gvq,34290,YES
6gvt,34290,YES
6gvu,34291,YES
6gw8,34293,YES
6gwx,34295,YES
6h3e,34303,NO
6h7i,34305,YES
6h7q,34306,YES
6h8c,34307,YES
6hh0,34309,YES
6hn9,34313,YES
6hne,34314,YES
6hng,34315,YES
6hnh,34316,YES
6hpj,34317,YES
6ht4,30037,YES
6hvb,34319,NO
6hvc,34319,NO
6hvk,34320,NO
6hz2,34322,YES
6ijq,36133,YES
6img,36213,YES
6imh,36214,YES
6ivs,36220,YES
6ivu,36221,YES
6j12,36228,NO
6k2k,36251,YES
6k59,36258,NO
6k5r,36259,NO
6k5t,36260,NO
6kbo,36265,NO
6kbv,36266,NO
6kh8,36269,NO
6kh9,36270,NO
6kha,36271,NO
6klm,36273,NO
6kmy,36274,YES
6kn2,36275,YES
6kn3,36276,YES
6kno,36279,YES
6knp,36280,YES
6l8r,36293,YES
6m0y,36316,NO
6m19,36317,NO
6m56,36321,NO
6m5c,36322,NO
6mbm,30509,NO
6mce,30510,YES
6mcf,30511,YES
6mf8,30513,YES
6mi9,30516,YES
6mjd,30519,YES
6mjv,30520,YES
6mk4,30521,YES
6mk5,30522,YES
6mk8,30524,YES
6mm4,30525,YES
6mnl,30373,YES
6mpp,27632,YES
6mw6,30530,NO
6my1,30534,YES
6my2,30535,YES
6my3,30536,YES
6mzt,30538,YES
6n68,30544,NO
6n8c,30545,YES
6nhw,30553,YES
6nhy,30554,YES
6nk9,30555,YES
6nm2,30557,YES
6nm3,30558,YES
6nom,30561,YES
6nox,30562,YES
6nu4,30565,YES
6nug,30566,NO
6nw8,30568,NO
6nzn,30572,YES
6o3q,30579,YES
6o3s,30580,YES
6o7g,30585,YES
6o8j,30586,NO
6o8p,30586,NO
6o8r,30587,NO
6o8s,30588,NO
6obk,30592,YES
6obw,30593,YES
6oc2,30594,YES
6oc4,30595,YES
6oc9,30596,YES
6ofa,30597,YES
6okw,30391,YES
6okx,30599,YES
6oky,30600,YES
6old,30601,YES
6oq9,30603,YES
6oqj,30605,YES
6oqk,30606,YES
6oqp,30607,NO
6osw,30608,YES
6ota,30609,YES
6pez,30615,NO
6pf0,30616,NO
6pi2,30617,YES
6pi3,30618,YES
6pin,30619,YES
6pio,30620,YES
6pip,30621,YES
6pmg,30623,YES
6por,30625,NO
6ppc,30626,YES
6pqf,30630,NO
6pqg,30631,NO
6pv0,30641,NO
6pv1,30642,NO
6pv2,30643,NO
6pv3,30644,NO
6pvr,30645,YES
6pvt,30646,YES
6px7,30647,YES
6px8,30648,YES
6q08,30650,YES
6q1x,30651,NO
6q5z,34335,YES
6qan,34339,NO
6qax,34340,NO
6qb0,34342,NO
6qb1,34343,NO
6qbj,27730,NO
6qbk,34345,YES
6qes,34348,YES
6qet,34349,YES
6qjb,34354,YES
6qkf,34357,NO
6qkp,34358,NO
6qkq,34359,NO
6qm1,34360,YES
6qtc,34362,YES
6qtf,34363,YES
6qxb,34366,NO
6qxc,34367,NO
6qxz,27251,YES
6qyr,34369,YES
6qys,34370,YES
6qyt,34371,YES
6qyu,34372,YES
6qyv,34373,YES
6qyw,34374,YES
6r28,34380,NO
6r2x,34381,YES
6r5g,34384,YES
6r95,34387,NO
6r96,34388,NO
6r9z,27863;34391,YES
6rh6,34395,YES
6rhy,34396,YES
6rqs,34400,NO
6rrl,34401,YES
6rro,34402,YES
6rsf,34404,NO
6rsg,34405,NO
6rsm,34406,YES
6ry9,34410,NO
6ryq,34411,NO
6rz1,34412,NO
6rzc,34413,NO
6s0n,34414,NO
6s2d,34416,NO
6s3w,27397,YES
6saa,34417,YES
6sab,34418,NO
6sdw,34421,YES
6sdy,34422,YES
6sft,27990;50001,YES
6snj,34427,YES
6so0,27277,YES
6so9,34428,YES
6sow,34430,YES
6svc,34432,YES
6sve,34433,YES
6svh,34434,YES
6sy2,34437,YES
6szf,34440,NO
6t33,50027,YES
6tdd,34446,YES
6ti5,34454,YES
6ti6,34455,YES
6ti7,34456,YES
6tph,34465,YES
6tt6,34470,YES
6tub,26715,YES
6tvj,34474,YES
6twg,34476,YES
6u24,30654,YES
6u6g,30660,YES
6u7q,30666,YES
6u7r,30667,YES
6u7s,30668,YES
6u7u,30669,YES
6u7w,30670,YES
6u7x,30671,YES
6uch,30672,YES
6uco,30673,NO
6ucp,30674,NO
6urp,16667,YES
6urs,30680,YES
6ut2,30681,YES
6ux5,30682,YES
6uxs,30683,NO
6uyi,28042,YES
6uyj,28042,YES
6uz4,30686,YES
6uz5,30687,YES
6v1n,30690,YES
6v4i,30692,NO
6v4t,30503,YES
6v6t,30695,YES
6ve9,30702,YES
6vgt,30710,NO
6vh8,30711,YES
6vhj,30712,NO
6vjq,30714,NO
6vl2,30716,YES
6vla,30717,NO
6vlj,30718,YES
6vnz,30719,NO
6vpn,30720,YES
6vxg,30726,YES
6vy7,30728,YES
6vy8,30729,YES
6w0o,30731,YES
6wlh,50236,YES
6wpb,30744,YES
6wpd,30745,YES
6wpo,30746,YES
6wpv,30747,YES
6wqj,30748,YES
6wql,30749,YES
6wqr,30750,YES
6wux,30752,YES
6x4x,30755,YES
6x7i,30757,YES
6x8r,30758,YES
6xcr,30760,YES
6xcu,30761,YES
6xfl,30765,YES
6xmn,50331,YES
6xn9,30767,YES
6xth,34478,YES
6xti,34479,YES
6xyh,34485,YES
6xyi,34486,YES
6xyv,34487,YES
6y1q,34491,NO
6yfy,50202,YES
6yhf,34506,YES
6yhi,34507,YES
6yho,34508,YES
6yhp,34509,YES
6yhx,34510,YES
6yjl,34512,YES
6yp5,34513,YES
6yse,28112,YES
6z0g,50263,YES
6z0h,50264,YES
6z0i,50265,YES
6zbi,34521,YES
7a4l,34487,YES
7a58,34487,YES
7a64,34554,YES
7acb,34558,NO
7ace,34559,YES
7acs,34511,YES
7act,34511,YES
7ald,34564,YES
7asy,34567,YES
7at7,34568,YES
7atb,34569,YES
7ay8,34574,YES
7b2b,34575,YES
7b2f,34576,YES
7b3j,34577,YES
7b3k,34578,YES
7b7o,34582,YES
7bw5,36343,YES
7bwi,36345,YES
7bx2,36347,NO
7bz7,36348,YES
7bz8,36349,YES
7bz9,36350,YES
7bza,36351,YES
7c1m,36353,YES
7ck5,36361,YES
7ckd,36362,NO
7cke,36363,NO
7d13,36383,YES
7d16,36384,YES
7d37,36386,NO
7dta,36404,YES
7eau,36412,NO
7edk,36413,YES
7ees,36414,YES
7elj,36417,NO
7ely,36419,YES
7f32,36425,NO
7f7x,36427,YES
7jgx,30775,YES
7jgy,30776,YES
7jhf,30778,YES
7jn6,30783,YES
7jnn,30784,YES
7jpm,30785,YES
7jq8,30786,YES
7js6,30787,NO
7jsq,30656,YES
7ju9,30789,NO
7jvf,30713,NO
7jyn,30790,YES
7k1m,30792,YES
7k1q,30793,YES
7k3g,30795,YES
7k7a,30799,YES
7k7f,30800,YES
7k7x,50464,YES
7klr,30809,YES
7kn0,30810,YES
7knn,30811,YES
7kpd,30813,YES
7l2g,30826,YES
7l51,30827,YES
7l53,30828,YES
7l54,30829,NO
7l55,30830,YES
7l7a,30833,NO
7l83,30834,YES
7l8v,27692,YES
7l96,30838,NO
7l98,30839,NO
7l9d,30840,NO
7lc8,30842,YES
7lcw,30843,NO
7lgl,30846,NO
7lgv,30847,NO
7lhc,30848,YES
7li2,30849,NO
7lif,30851,NO
7ll7,30852,NO
7lns,30854,YES
7lp4,30857,YES
7lso,30863,YES
7lsp,30864,YES
7lve,30869,YES
7lvf,30870,YES
7lvg,30871,YES
7lvn,30872,YES
7lx4,30873,YES
7lzl,30876,YES
7m1d,30878,NO
7m1e,30879,NO
7m25,30881,YES
7m27,30882,YES
7m28,30883,YES
7m29,30884,YES
7m2a,30885,YES
7m2b,30886,YES
7m2c,30887,YES
7m3u,30889,YES
7m67,30891,YES
7m73,30892,YES
7m77,30893,YES
7m79,30894,YES
7m7x,30895,YES
7mj3,30896,YES
7mla,30899,YES
7mll,50886,YES
7mmm,30900,NO
7mn3,30903,YES
7mpa,50778,NO
7my8,30909,YES
7n0t,30913,YES
7n1z,30915,YES
7n20,30916,YES
7n21,30917,YES
7n22,30918,YES
7n23,30919,YES
7n24,30920,YES
7n25,30921,YES
7n26,30922,YES
7nip,50117,YES
7nqc,34608,YES
7ns1,50767,NO
7nxi,34612,NO
7nyi,34614,YES
7ob2,50902,NO
7od2,34619,YES
7ofg,34620,NO
7ofm,34621,YES
7ofo,34622,NO
7oj9,34628,YES
7olg,34629,YES
7os8,34632,NO
7osc,34633,YES
7osd,34634,NO
7osr,34635,YES
7osw,34636,YES
7otd,34637,NO
7ovc,34638,YES
7ovz,34639,NO
7oxf,34641,YES
7p3m,34645,NO
7p3o,34646,NO
7p4x,34649,NO
7p55,34650,YES
7p5g,34651,YES
7p5q,34652,YES
7p5s,34653,YES
7pgd,34655,NO
7ph8,34656,YES
7pht,34657,YES
7pl4,34662,YES
7pll,50901,YES
7pqw,34667,YES
7pre,34669,YES
7pvb,34671,NO
7pvm,50997,YES
7q33,34673,YES
7q4l,34675,YES
7qal,34680,YES
7qam,34681,YES
7qao,34682,YES
7qap,34683,YES
7qby,34686,YES
7qdd,34691,YES
7qde,34692,YES
7qdw,34693,YES
7qgv,50938,YES
7qlf,34697,YES
7qs6,34699,YES
7qtr,34700,NO
7qts,34701,NO
7quu,34702,YES
7qxj,34703,YES
7qzv,34705,YES
7qzw,34706,YES
7r6p,30928,YES
7r95,30931,YES
7rap,30932,YES
7rc7,30933,YES
7rc8,30934,YES
7rfa,30935,YES
7rn3,30938,YES
7rul,30941,YES
7s3e,30945,YES
7s3o,30946,NO
7s3q,30947,NO
7s3r,30948,NO
7s55,30949,YES
7s5j,30950,YES
7s7p,30951,YES
7sag,30952,YES
7sav,30953,YES
7saw,30954,YES
7sft,30958,YES
7skc,30961,YES
7t1n,30971,YES
7t1o,30972,NO
7t1p,30973,NO
7t2f,30974,YES
7t6g,30975,YES
7t7w,30976,YES
7tb9,30978,NO
7th8,30979,YES
7tv5,30987,NO
7tv6,30988,NO
7tv7,30989,NO
7tv8,30990,NO
7tvq,30991,YES
7tvr,30992,YES
7tz3,30994,YES
7ubc,30997,YES
7ubd,30998,YES
7ube,30999,YES
7ubf,31000,YES
7ubg,31001,YES
7ubh,31002,YES
7ubi,31003,YES
7unx,31010,YES
7uv1,31013,YES
7uv2,31014,YES
7uv3,31015,YES
7uzl,31019,YES
7vqh,36450,NO
7vqi,36451,NO
7vrl,36452,YES
7w8k,36457,YES
7w8o,36458,YES
7w8r,36459,YES
7w8t,36460,YES
7w8z,36461,YES
7w96,36462,YES
7x5c,36473,YES
7yyi,34710,YES
7z07,34711,YES
7z08,34712,YES
7z0b,34713,YES
7zap,34715,YES
7zax,34716,YES
7zbs,34718,YES
7zed,34720,YES
7zew,34725,YES
7zex,34726,YES
7zez,34728,YES
7zok,51104,YES
7zrf,51400,YES
7zro,51406,YES
7zru,34732,NO
7zwj,34734,YES
7zzv,51231,YES
8a6i,34737,YES
8ahk,34742,YES
8ar0,34750,YES
8ar1,34751,YES
8ar2,34752,YES
8ar3,34753,YES
8b1l,34755,YES
8b1x,51591,YES
8b4r,34756,YES
8b4s,34757,YES
8b6x,51528,YES
8b6y,51531,YES
8b9q,34762,YES
8b9r,34763,YES
8boo,51673,YES
8bss,34773,YES
8bvc,34775,YES
8bvz,51691,YES
8bwb,34776,YES
8bww,34778,YES
8c5j,16707;16709,YES
8ciq,34790,NO
8cjp,34791,NO
8cjq,34792,NO
8cjr,34793,NO
8cjs,34794,NO
8cjt,34795,NO
8cm3,34797,YES
8coo,34660,YES
8cto,31021,YES
8cun,31022,YES
8cwa,31023,YES
8cwx,31024,NO
8ddc,31026,YES
8ddd,31027,YES
8dfz,31028,YES
8dgh,51447,YES
8dgk,51222,YES
8dhz,31029,NO
8di2,31030,YES
8dij,31031,NO
8dj4,31032,NO
8dym,31036,NO
8dyn,31037,NO
8e1d,31038,YES
8ef4,51618,YES
8ep5,31045,YES
8eru,31047,YES
8ery,31048,NO
8erz,31049,NO
8es0,31050,NO
8es1,31051,NO
8es2,31052,NO
8es3,31053,NO
8f04,31054,YES
8f2f,31055,NO
8fd4,31062,YES
8fey,31063,YES
8fg1,31064,YES
8flp,31066,YES
8g0x,31071,NO
8g0y,31072,NO
8g21,31073,YES
8h0g,36512,NO
8h0u,36513,YES
8hep,36515,YES
8her,36516,YES
8hjc,36521,YES
8hjd,36522,YES
8k3m,36583,YES
8k3n,36584,YES
8ojr,34800,YES
8ol8,34801,YES
8onu,34802,YES
8or5,34804,YES
8ory,34806,YES
8orz,34807,YES
8os0,34808,YES
8osq,34809,NO
8oyd,34814,YES
8p66,34818,YES
8pwt,34837,YES
8pxs,34838,YES
8pxx,34840,YES
8q1l,34841,YES
8q5b,34844,YES
8q7j,34846,NO
8qaq,34848,NO
8qas,34849,NO
8qbp,34850,NO
8qnt,34865,YES
8qnv,34866,YES
8qtq,52114,YES
8r1x,34874;52208,YES
8r89,34884,YES
8raj,34886,YES
8rhs,52226,YES
8rp9,34891,YES
8rpq,34892,YES
8rq6,34893,YES
8rvt,51867,YES
8s2a,34901,YES
8s2b,34902,YES
8s2c,34903,YES
8s2d,34904,YES
8s4l,34905,YES
8s8n,34907,YES
8s8o,34908,YES
8s9y,31076,NO
8sed,51896,YES
8sem,31079,YES
8sg2,31080,YES
8suz,31085,YES
8svb,31086,NO
8sxm,51951,YES
8t01,31088,YES
8t0g,31089,NO
8t0h,31090,NO
8t0i,31091,NO
8t3h,31092,YES
8t3n,31093,YES
8t61,31094,YES
8t62,31095,YES
8t63,31096,YES
8tfv,4387,NO
8tt7,52075,YES
8tv4,31100,YES
8txs,31101,YES
8tyi,31102,YES
8u1t,31104,NO
8u2y,31105,YES
8u9o,52129,YES
8ukc,31109,NO
8ukg,31110,NO
8ulm,31111,YES
8um1,31112,YES
8um2,31113,YES
8um7,31114,NO
8um9,31115,NO
8uma,31116,NO
8umb,31117,NO
8ums,31118,NO
8un8,31119,NO
8ung,31120,YES
8utx,31123,NO
8uwf,31124,YES
8uxr,31126,YES
8v2m,31128,YES
8v2u,31129,YES
8v2v,31130,YES
8v4b,52188,YES
8voh,31138,YES
8voi,31139,YES
8vu6,31141,NO
8vu7,31142,NO
8vu8,31143,NO
8vyc,31145,NO
8w0q,31146,YES
8w16,31147,YES
8w17,31148,YES
8w2v,31150,YES
8zxc,36675,YES
9azi,31151,YES
9baf,31156,YES
9bb1,31157,NO
9bb2,31158,NO
9bb3,31159,NO
9bb4,31160,NO
9bb5,31161,NO
9bb6,31162,NO
9bb7,31163,NO
9bet,31167,YES
9bf4,31168,YES
9bfl,31169,YES
9bhn,31170,YES
9bv0,52414,YES
9bv4,31172,YES
9bvs,31173,YES
9bvu,31174,YES
9bvv,31175,YES
9cch,16492,YES
9ceq,31181,YES
9cja,52210,YES
9crb,52543,YES
9d36,31193,YES
9d99,31194,NO
9d9a,31195,NO
9d9b,31196,NO
9d9c,31197,NO
9dcj,31198,YES
9e3v,31207,NO
9e3w,31208,NO
9e3x,31209,NO
9e3y,31210,NO
9e3z,31211,NO
9ebe,31213,YES
9ecl,31214,YES
9ecm,31215,YES
9efo,31218,NO
9eh4,31219,YES
9ep7,52321,NO
9eps,34911,YES
9ezn,51799,YES
9ezo,51799,YES
9ezp,51799,YES
9f1e,52391,NO
9f1f,52390,NO
9f1g,52393,NO
9fjn,51388,YES
9fjw,51408,YES
9fsi,34922,NO
9g0m,34927,NO
9g0n,34928,NO
9g20,34930,NO
9g21,34931,NO
9g22,34932,NO
9g2n,34933,NO
9g2o,34934,NO
9g31,34935,NO
9g32,34936,NO
9g5p,34937,NO
9g7t,52491,YES
9gag,34940,YES
9gdl,34941,NO
9gdn,34943,NO
9gdt,34944,NO
9gdu,34945,NO
9gdw,34946,YES
9ge1,34949,NO
9ge9,34950,NO
9geb,34951,NO
9gec,34952,NO
9gi8,34953,YES
9grl,34957,NO
9grm,34958,YES
9gsa,34959,NO
9gw6,34962,NO
9hm8,34969,YES
9hr9,34971,YES
9hxs,34975,YES
9jo6,36696,YES
9m1y,36731,YES
9mf7,31220,NO
9mf8,31221,NO
9mf9,31222,NO
9mfa,31223,NO
9mfb,31224,NO
9mtz,52750,NO
9mu0,52749,NO
9mxe,31225,YES
9mxf,31226,YES
9mxg,31227,YES
9myq,52638,NO
9nvh,31235,NO
9nwz,31236,YES
9ny3,31237,NO
9oil,53020,YES
9ol7,31240,NO
9ol8,31241,NO
9ol9,31242,NO
9ola,31243,NO
9p3z,53214,YES
9q63,31265,NO
9q6e,31266,NO
9qlm,34986,YES
9r3y,34992,YES
9r4v,34993,YES
9r4w,34994,YES
9rwf,52961,YES
9s5g,35009,NO
9ylz,31270,NO
9ym0,31271,NO
9ym1,31272,NO
9ym2,31273,NO
9ym3,31274,NO
9ym4,31275,NO
9ym5,31276,NO
9ym6,31277,NO
9ym7,31278,NO
